-- phpMyAdmin SQL Dump
-- version 4.1.12
-- http://www.phpmyadmin.net
--
-- Host: 127.0.0.1
-- Generation Time: Aug 07, 2015 at 03:27 PM
-- Server version: 5.6.16
-- PHP Version: 5.5.11

SET SQL_MODE = "NO_AUTO_VALUE_ON_ZERO";
SET time_zone = "+00:00";


/*!40101 SET @OLD_CHARACTER_SET_CLIENT=@@CHARACTER_SET_CLIENT */;
/*!40101 SET @OLD_CHARACTER_SET_RESULTS=@@CHARACTER_SET_RESULTS */;
/*!40101 SET @OLD_COLLATION_CONNECTION=@@COLLATION_CONNECTION */;
/*!40101 SET NAMES utf8 */;

--
-- Database: `hotel`
--

-- --------------------------------------------------------

--
-- Table structure for table `hotel_admin_details`
--

CREATE TABLE IF NOT EXISTS `hotel_admin_details` (
  `admin_id` int(11) NOT NULL AUTO_INCREMENT,
  `admin_hotel` int(11) NOT NULL,
  `admin_first_name` text NOT NULL,
  `admin_middle_name` text NOT NULL,
  `admin_last_name` text NOT NULL,
  `admin_email` text NOT NULL,
  `admin_address` longtext NOT NULL,
  `admin_city` text NOT NULL,
  `admin_district` text NOT NULL,
  `admin_state` text NOT NULL,
  `admin_country` text NOT NULL,
  `admin_pin` text NOT NULL,
  `admin_phone1` text NOT NULL,
  `admin_phone2` text NOT NULL,
  `admin_dob` date NOT NULL,
  `admin_mother_tongue` text NOT NULL,
  `admin_comm_language` text NOT NULL,
  `admin_idproof1_type` text NOT NULL,
  `admin_idproof1_path` text NOT NULL,
  `admin_idproof2_type` text NOT NULL,
  `admin_idproof2_path` text NOT NULL,
  `admin_idproof3_type` text NOT NULL,
  `admin_idproof3_path` text NOT NULL,
  `admin_image` text NOT NULL,
  `admin_user_type` int(11) NOT NULL DEFAULT '2',
  `admin_permission` text NOT NULL,
  `admin_create_date` datetime NOT NULL,
  `admin_modification_date` datetime NOT NULL,
  `admin_status` enum('A','I','D','B') NOT NULL DEFAULT 'I',
  PRIMARY KEY (`admin_id`)
) ENGINE=InnoDB  DEFAULT CHARSET=utf8 AUTO_INCREMENT=17 ;

--
-- Dumping data for table `hotel_admin_details`
--

INSERT INTO `hotel_admin_details` (`admin_id`, `admin_hotel`, `admin_first_name`, `admin_middle_name`, `admin_last_name`, `admin_email`, `admin_address`, `admin_city`, `admin_district`, `admin_state`, `admin_country`, `admin_pin`, `admin_phone1`, `admin_phone2`, `admin_dob`, `admin_mother_tongue`, `admin_comm_language`, `admin_idproof1_type`, `admin_idproof1_path`, `admin_idproof2_type`, `admin_idproof2_path`, `admin_idproof3_type`, `admin_idproof3_path`, `admin_image`, `admin_user_type`, `admin_permission`, `admin_create_date`, `admin_modification_date`, `admin_status`) VALUES
(2, 5, 'Subhankar', '', 'Mitra', 'subhankar1987@gmail.com', 'Katwa', 'Katwa', 'Burdwan', 'West Bengal', '99', '712345', '3434354656', '', '1970-01-01', 'Bengali', 'Bengali', 'Voter ID', 'Penguins.jpg', '', '', '', '', 'Koala.jpg', 2, '', '2015-07-27 17:33:15', '2015-08-05 13:39:26', 'A'),
(6, 8, 'Girija', 'Prosad', 'Tiwary', 'girija@gmail.com', '', '', '', '', '', '', '', '', '0000-00-00', '', '', '', '', '', '', '', '', '', 2, '', '2015-07-27 19:34:42', '2015-07-27 19:34:42', 'I'),
(7, 5, 'Sarat', '', 'Power', 'sarat@basic.com', '', '', '', '', '', '', '', '', '0000-00-00', '', '', '', '', '', '', '', '', '', 2, '', '2015-07-27 21:49:11', '2015-07-27 21:49:11', 'I'),
(8, 9, 'Indrajit', '', 'Paul', 'indra@webartmedialabs.com', '', '', '', '', '', '', '', '', '0000-00-00', '', '', '', '', '', '', '', '', '', 2, '', '2015-07-28 13:10:06', '2015-07-28 13:10:06', 'I'),
(14, 5, 'Great', 'Prosad', 'Tiwary', 'admin@dsfdf.com', '', '', '', '', '', '', '', '', '0000-00-00', '', '', '', '', '', '', '', '', '', 2, '', '2015-07-28 17:53:37', '2015-07-28 17:53:37', 'I'),
(15, 8, 'Test', 'Test', 'Test', 'test@test.com', '', '', '', '', '', '', '', '', '0000-00-00', '', '', '', '', '', '', '', '', '', 2, '', '2015-07-28 18:25:38', '2015-07-28 18:25:38', 'I'),
(16, 4, 'First', '', 'Last', 'first@first.com', '', '', '', '', '', '', '', '', '0000-00-00', '', '', '', '', '', '', '', '', '', 2, '', '2015-08-03 12:34:13', '2015-08-03 12:34:13', 'I');

-- --------------------------------------------------------

--
-- Table structure for table `hotel_ci_sessions`
--

CREATE TABLE IF NOT EXISTS `hotel_ci_sessions` (
  `id` varchar(40) NOT NULL,
  `ip_address` varchar(45) NOT NULL,
  `timestamp` int(10) unsigned NOT NULL DEFAULT '0',
  `data` blob NOT NULL,
  PRIMARY KEY (`id`),
  KEY `ci_sessions_timestamp` (`timestamp`)
) ENGINE=InnoDB DEFAULT CHARSET=utf8;

--
-- Dumping data for table `hotel_ci_sessions`
--

INSERT INTO `hotel_ci_sessions` (`id`, `ip_address`, `timestamp`, `data`) VALUES
('013d7af38e1170ee5a259b464365c0ba6644c6a8', '127.0.0.1', 1438689671, 0x5f5f63695f6c6173745f726567656e65726174657c693a313433383638393531323b757365725f747970657c733a353a2241646d696e223b757365725f747970655f736c75677c733a323a224144223b69735f6c6f676765645f696e7c623a313b757365725f6e616d657c733a393a2273756268616e6b6172223b757365725f69647c733a313a2232223b6c6f67696e5f69647c733a313a2232223b737563635f6d73677c733a34313a22596f757220726567697374726174696f6e20636f6d706c65746564207375636365737366756c6c792e223b5f5f63695f766172737c613a313a7b733a383a22737563635f6d7367223b733a333a226f6c64223b7d),
('01ef237fd89625ae07ea6d641fc4774b47e80526', '127.0.0.1', 1438676895, 0x5f5f63695f6c6173745f726567656e65726174657c693a313433383637363536363b757365725f747970657c733a353a2241646d696e223b757365725f747970655f736c75677c733a323a224144223b69735f6c6f676765645f696e7c623a313b757365725f6e616d657c733a393a2273756268616e6b6172223b757365725f69647c733a313a2232223b6c6f67696e5f69647c733a313a2232223b),
('0aaec50ae41fb5d52cf627a6e70d3925d53c84a8', '127.0.0.1', 1438753960, 0x5f5f63695f6c6173745f726567656e65726174657c693a313433383735333934343b757365725f747970657c733a353a2241646d696e223b757365725f747970655f736c75677c733a323a224144223b69735f6c6f676765645f696e7c623a313b757365725f6e616d657c733a393a2273756268616e6b6172223b757365725f69647c733a313a2232223b6c6f67696e5f69647c733a313a2232223b),
('0dc529aa7faf083a1aa36a28ce7d6fd0f07752ed', '127.0.0.1', 1438781145, 0x5f5f63695f6c6173745f726567656e65726174657c693a313433383738303938303b757365725f747970657c733a353a2241646d696e223b757365725f747970655f736c75677c733a323a224144223b69735f6c6f676765645f696e7c623a313b757365725f6e616d657c733a393a2273756268616e6b6172223b757365725f69647c733a313a2232223b6c6f67696e5f69647c733a313a2232223b70616765737c693a353b5f5f63695f766172737c613a313a7b733a353a227061676573223b733a333a226e6577223b7d),
('10d0cff88efaa63deeab4fdfa0b9295d475bb86a', '127.0.0.1', 1438768070, 0x5f5f63695f6c6173745f726567656e65726174657c693a313433383736383037303b757365725f747970657c733a353a2241646d696e223b757365725f747970655f736c75677c733a323a224144223b69735f6c6f676765645f696e7c623a313b757365725f6e616d657c733a393a2273756268616e6b6172223b757365725f69647c733a313a2232223b6c6f67696e5f69647c733a313a2232223b),
('18899076de5b99a6dfa536f19da2de1358866f1a', '127.0.0.1', 1438689462, 0x5f5f63695f6c6173745f726567656e65726174657c693a313433383638383637313b757365725f747970657c733a353a2241646d696e223b757365725f747970655f736c75677c733a323a224144223b69735f6c6f676765645f696e7c623a313b757365725f6e616d657c733a393a2273756268616e6b6172223b757365725f69647c733a313a2232223b6c6f67696e5f69647c733a313a2232223b),
('18998fb0bea97c3962df50c421bcea0bada21385', '127.0.0.1', 1438773193, 0x5f5f63695f6c6173745f726567656e65726174657c693a313433383737323931373b757365725f747970657c733a353a2241646d696e223b757365725f747970655f736c75677c733a323a224144223b69735f6c6f676765645f696e7c623a313b757365725f6e616d657c733a393a2273756268616e6b6172223b757365725f69647c733a313a2232223b6c6f67696e5f69647c733a313a2232223b),
('1a6cb9294057c5213fa279ea4e8c2dd195d67ebc', '127.0.0.1', 1438686552, 0x5f5f63695f6c6173745f726567656e65726174657c693a313433383638363535323b757365725f747970657c733a353a2241646d696e223b757365725f747970655f736c75677c733a323a224144223b69735f6c6f676765645f696e7c623a313b757365725f6e616d657c733a393a2273756268616e6b6172223b757365725f69647c733a313a2232223b6c6f67696e5f69647c733a313a2232223b),
('1e0cbb184022d464dcc4133847129625211a6d35', '127.0.0.1', 1438774302, 0x5f5f63695f6c6173745f726567656e65726174657c693a313433383737343234353b757365725f747970657c733a353a2241646d696e223b757365725f747970655f736c75677c733a323a224144223b69735f6c6f676765645f696e7c623a313b757365725f6e616d657c733a393a2273756268616e6b6172223b757365725f69647c733a313a2232223b6c6f67696e5f69647c733a313a2232223b),
('27fe58244f192c92e03c09776d7d88fd625c9690', '127.0.0.1', 1438762414, 0x5f5f63695f6c6173745f726567656e65726174657c693a313433383736323431343b757365725f747970657c733a353a2241646d696e223b757365725f747970655f736c75677c733a323a224144223b69735f6c6f676765645f696e7c623a313b757365725f6e616d657c733a393a2273756268616e6b6172223b757365725f69647c733a313a2232223b6c6f67696e5f69647c733a313a2232223b),
('29ba1a74e44ee2d0ba17f16bd97694bf86c4169d', '127.0.0.1', 1438764225, 0x5f5f63695f6c6173745f726567656e65726174657c693a313433383736343231383b757365725f747970657c733a353a2241646d696e223b757365725f747970655f736c75677c733a323a224144223b69735f6c6f676765645f696e7c623a313b757365725f6e616d657c733a393a2273756268616e6b6172223b757365725f69647c733a313a2232223b6c6f67696e5f69647c733a313a2232223b),
('2b869706bea844dd12240e84b5db7dc1e54ecabb', '127.0.0.1', 1438675003, 0x5f5f63695f6c6173745f726567656e65726174657c693a313433383637333038363b757365725f747970657c733a353a2241646d696e223b757365725f747970655f736c75677c733a323a224144223b69735f6c6f676765645f696e7c623a313b757365725f6e616d657c733a393a2273756268616e6b6172223b757365725f69647c733a313a2232223b6c6f67696e5f69647c733a313a2232223b),
('2b9f10282b53f3be0e02834a5a6445d91245638b', '127.0.0.1', 1438682954, 0x5f5f63695f6c6173745f726567656e65726174657c693a313433383638323839333b757365725f747970657c733a353a2241646d696e223b757365725f747970655f736c75677c733a323a224144223b69735f6c6f676765645f696e7c623a313b757365725f6e616d657c733a393a2273756268616e6b6172223b757365725f69647c733a313a2232223b6c6f67696e5f69647c733a313a2232223b6572725f6d73677c733a34393a22757365726461746133596f7520646964206e6f742073656c65637420612066696c6520746f2075706c6f61642e3c2f703e223b5f5f63695f766172737c613a313a7b733a373a226572725f6d7367223b733a333a226f6c64223b7d),
('2e042304497065905510caa813843b3af4724ce6', '127.0.0.1', 1438682176, 0x5f5f63695f6c6173745f726567656e65726174657c693a313433383638323137363b757365725f747970657c733a353a2241646d696e223b757365725f747970655f736c75677c733a323a224144223b69735f6c6f676765645f696e7c623a313b757365725f6e616d657c733a393a2273756268616e6b6172223b757365725f69647c733a313a2232223b6c6f67696e5f69647c733a313a2232223b),
('3243f8057bc0c25cd244018ead4bd5b2604b0d91', '127.0.0.1', 1438783602, 0x5f5f63695f6c6173745f726567656e65726174657c693a313433383738333530363b757365725f747970657c733a353a2241646d696e223b757365725f747970655f736c75677c733a323a224144223b69735f6c6f676765645f696e7c623a313b757365725f6e616d657c733a393a2273756268616e6b6172223b757365725f69647c733a313a2232223b6c6f67696e5f69647c733a313a2232223b70616765737c693a353b5f5f63695f766172737c613a313a7b733a353a227061676573223b733a333a226e6577223b7d),
('33a7195d3f9e05065b2a4090f2337dc82a86528a', '127.0.0.1', 1438784921, 0x5f5f63695f6c6173745f726567656e65726174657c693a313433383738343932313b757365725f747970657c733a353a2241646d696e223b757365725f747970655f736c75677c733a323a224144223b69735f6c6f676765645f696e7c623a313b757365725f6e616d657c733a393a2273756268616e6b6172223b757365725f69647c733a313a2232223b6c6f67696e5f69647c733a313a2232223b70616765737c693a353b5f5f63695f766172737c613a313a7b733a353a227061676573223b733a333a226e6577223b7d),
('435ee84c69372e5662834229634c8479378b848c', '127.0.0.1', 1438763049, 0x5f5f63695f6c6173745f726567656e65726174657c693a313433383736323735333b757365725f747970657c733a353a2241646d696e223b757365725f747970655f736c75677c733a323a224144223b69735f6c6f676765645f696e7c623a313b757365725f6e616d657c733a393a2273756268616e6b6172223b757365725f69647c733a313a2232223b6c6f67696e5f69647c733a313a2232223b),
('44cad7e4e82dab7faa679e05a3d7b7b7870341c4', '127.0.0.1', 1438781499, 0x5f5f63695f6c6173745f726567656e65726174657c693a313433383738313439393b757365725f747970657c733a353a2241646d696e223b757365725f747970655f736c75677c733a323a224144223b69735f6c6f676765645f696e7c623a313b757365725f6e616d657c733a393a2273756268616e6b6172223b757365725f69647c733a313a2232223b6c6f67696e5f69647c733a313a2232223b70616765737c693a353b5f5f63695f766172737c613a313a7b733a353a227061676573223b733a333a226e6577223b7d),
('4503ae69e27b7b8d28aafdf463879b6b27d065d2', '127.0.0.1', 1438759063, 0x5f5f63695f6c6173745f726567656e65726174657c693a313433383735383935383b757365725f747970657c733a353a2241646d696e223b757365725f747970655f736c75677c733a323a224144223b69735f6c6f676765645f696e7c623a313b757365725f6e616d657c733a393a2273756268616e6b6172223b757365725f69647c733a313a2232223b6c6f67696e5f69647c733a313a2232223b737563635f6d73677c733a34313a22596f757220726567697374726174696f6e20636f6d706c65746564207375636365737366756c6c792e223b5f5f63695f766172737c613a313a7b733a383a22737563635f6d7367223b733a333a226f6c64223b7d),
('463d77f2787863127df7dc629710b563e41fbd25', '127.0.0.1', 1438670371, 0x5f5f63695f6c6173745f726567656e65726174657c693a313433383637303337313b757365725f747970657c733a353a2241646d696e223b757365725f747970655f736c75677c733a323a224144223b69735f6c6f676765645f696e7c623a313b757365725f6e616d657c733a393a2273756268616e6b6172223b757365725f69647c733a313a2232223b6c6f67696e5f69647c733a313a2232223b),
('48c59e2ae01940f5231c55eba1b0f56260236fb1', '127.0.0.1', 1438681346, 0x5f5f63695f6c6173745f726567656e65726174657c693a313433383638313039373b757365725f747970657c733a353a2241646d696e223b757365725f747970655f736c75677c733a323a224144223b69735f6c6f676765645f696e7c623a313b757365725f6e616d657c733a393a2273756268616e6b6172223b757365725f69647c733a313a2232223b6c6f67696e5f69647c733a313a2232223b),
('4cf5da262da25842587d0c1a74021708875b552c', '127.0.0.1', 1438759309, 0x5f5f63695f6c6173745f726567656e65726174657c693a313433383735393330393b757365725f747970657c733a353a2241646d696e223b757365725f747970655f736c75677c733a323a224144223b69735f6c6f676765645f696e7c623a313b757365725f6e616d657c733a393a2273756268616e6b6172223b757365725f69647c733a313a2232223b6c6f67696e5f69647c733a313a2232223b),
('50c758e8a5b1ae265d107c683ba010e572b1354a', '127.0.0.1', 1438771830, 0x5f5f63695f6c6173745f726567656e65726174657c693a313433383737313833303b757365725f747970657c733a353a2241646d696e223b757365725f747970655f736c75677c733a323a224144223b69735f6c6f676765645f696e7c623a313b757365725f6e616d657c733a393a2273756268616e6b6172223b757365725f69647c733a313a2232223b6c6f67696e5f69647c733a313a2232223b),
('51c88f31a52d07c5a7796ab4f932013d3b568d31', '127.0.0.1', 1438938845, 0x5f5f63695f6c6173745f726567656e65726174657c693a313433383933383634383b757365725f747970657c733a353a2241646d696e223b757365725f747970655f736c75677c733a323a224144223b69735f6c6f676765645f696e7c623a313b757365725f6e616d657c733a393a2273756268616e6b6172223b757365725f69647c733a313a2232223b6c6f67696e5f69647c733a313a2232223b70616765737c693a353b5f5f63695f766172737c613a313a7b733a353a227061676573223b733a333a226e6577223b7d),
('5f2bb1f5c2ff26ec040fd5ed2cb7eaa91e794ed0', '127.0.0.1', 1438760838, 0x5f5f63695f6c6173745f726567656e65726174657c693a313433383736303534303b757365725f747970657c733a353a2241646d696e223b757365725f747970655f736c75677c733a323a224144223b69735f6c6f676765645f696e7c623a313b757365725f6e616d657c733a393a2273756268616e6b6172223b757365725f69647c733a313a2232223b6c6f67696e5f69647c733a313a2232223b),
('674d318b726b94b7c00c7e035423dd097efd5c6b', '127.0.0.1', 1438937911, 0x5f5f63695f6c6173745f726567656e65726174657c693a313433383933373839313b757365725f747970657c733a353a2241646d696e223b757365725f747970655f736c75677c733a323a224144223b69735f6c6f676765645f696e7c623a313b757365725f6e616d657c733a393a2273756268616e6b6172223b757365725f69647c733a313a2232223b6c6f67696e5f69647c733a313a2232223b),
('69e29b48072f9b83b934b7175b6278e9569c10a7', '127.0.0.1', 1438686103, 0x5f5f63695f6c6173745f726567656e65726174657c693a313433383638353830333b757365725f747970657c733a353a2241646d696e223b757365725f747970655f736c75677c733a323a224144223b69735f6c6f676765645f696e7c623a313b757365725f6e616d657c733a393a2273756268616e6b6172223b757365725f69647c733a313a2232223b6c6f67696e5f69647c733a313a2232223b),
('6b9179406e38e0641095543d7b1f3f46b0c79b95', '127.0.0.1', 1438679448, 0x5f5f63695f6c6173745f726567656e65726174657c693a313433383637393434383b757365725f747970657c733a353a2241646d696e223b757365725f747970655f736c75677c733a323a224144223b69735f6c6f676765645f696e7c623a313b757365725f6e616d657c733a393a2273756268616e6b6172223b757365725f69647c733a313a2232223b6c6f67696e5f69647c733a313a2232223b),
('75cf954a36a503b958423ac3d81832d16769962c', '127.0.0.1', 1438783275, 0x5f5f63695f6c6173745f726567656e65726174657c693a313433383738333131313b757365725f747970657c733a353a2241646d696e223b757365725f747970655f736c75677c733a323a224144223b69735f6c6f676765645f696e7c623a313b757365725f6e616d657c733a393a2273756268616e6b6172223b757365725f69647c733a313a2232223b6c6f67696e5f69647c733a313a2232223b70616765737c693a353b5f5f63695f766172737c613a313a7b733a353a227061676573223b733a333a226e6577223b7d),
('764c76a13d3983027e89c9ae59f8a4102d804b98', '127.0.0.1', 1438681801, 0x5f5f63695f6c6173745f726567656e65726174657c693a313433383638313530333b757365725f747970657c733a353a2241646d696e223b757365725f747970655f736c75677c733a323a224144223b69735f6c6f676765645f696e7c623a313b757365725f6e616d657c733a393a2273756268616e6b6172223b757365725f69647c733a313a2232223b6c6f67696e5f69647c733a313a2232223b),
('79b2750a073cbeb9e2e339a0d4a0d2ca00b9fc9a', '127.0.0.1', 1438762166, 0x5f5f63695f6c6173745f726567656e65726174657c693a313433383736313933373b757365725f747970657c733a353a2241646d696e223b757365725f747970655f736c75677c733a323a224144223b69735f6c6f676765645f696e7c623a313b757365725f6e616d657c733a393a2273756268616e6b6172223b757365725f69647c733a313a2232223b6c6f67696e5f69647c733a313a2232223b737563635f6d73677c733a34313a22596f757220726567697374726174696f6e20636f6d706c65746564207375636365737366756c6c792e223b5f5f63695f766172737c613a313a7b733a383a22737563635f6d7367223b733a333a226f6c64223b7d),
('79b6968797c072f9d6347d8dfb055c118baabb8d', '127.0.0.1', 1438775098, 0x5f5f63695f6c6173745f726567656e65726174657c693a313433383737343833353b757365725f747970657c733a353a2241646d696e223b757365725f747970655f736c75677c733a323a224144223b69735f6c6f676765645f696e7c623a313b757365725f6e616d657c733a393a2273756268616e6b6172223b757365725f69647c733a313a2232223b6c6f67696e5f69647c733a313a2232223b737563635f6d73677c733a32343a22526f6f6d204164646564205375636365737366756c6c7921223b5f5f63695f766172737c613a313a7b733a383a22737563635f6d7367223b733a333a226f6c64223b7d),
('7d79175dc6122027e124f5d87e8661db48ad8474', '127.0.0.1', 1438685488, 0x5f5f63695f6c6173745f726567656e65726174657c693a313433383638353431383b757365725f747970657c733a353a2241646d696e223b757365725f747970655f736c75677c733a323a224144223b69735f6c6f676765645f696e7c623a313b757365725f6e616d657c733a393a2273756268616e6b6172223b757365725f69647c733a313a2232223b6c6f67696e5f69647c733a313a2232223b737563635f6d73677c733a34313a22596f757220726567697374726174696f6e20636f6d706c65746564207375636365737366756c6c792e223b5f5f63695f766172737c613a313a7b733a383a22737563635f6d7367223b733a333a226f6c64223b7d),
('7ea0458bac57a1c010e3cd0b482ac4b63bd71fce', '127.0.0.1', 1438951107, 0x5f5f63695f6c6173745f726567656e65726174657c693a313433383935313130373b),
('8c7ae3a81b8e81c5c9c95d101193df19ade610f4', '127.0.0.1', 1438928432, 0x5f5f63695f6c6173745f726567656e65726174657c693a313433383932383335343b757365725f747970657c733a353a2241646d696e223b757365725f747970655f736c75677c733a323a224144223b69735f6c6f676765645f696e7c623a313b757365725f6e616d657c733a393a2273756268616e6b6172223b757365725f69647c733a313a2232223b6c6f67696e5f69647c733a313a2232223b70616765737c693a353b5f5f63695f766172737c613a313a7b733a353a227061676573223b733a333a226e6577223b7d),
('940e359c97a599052cafb77ab26a27ab9d6d6eab', '127.0.0.1', 1438935416, 0x5f5f63695f6c6173745f726567656e65726174657c693a313433383933353430393b757365725f747970657c733a353a2241646d696e223b757365725f747970655f736c75677c733a323a224144223b69735f6c6f676765645f696e7c623a313b757365725f6e616d657c733a393a2273756268616e6b6172223b757365725f69647c733a313a2232223b6c6f67696e5f69647c733a313a2232223b),
('95a61865a42e095da7aedaaa9331a75d1a10c4f0', '127.0.0.1', 1438941166, 0x5f5f63695f6c6173745f726567656e65726174657c693a313433383934313136363b757365725f747970657c733a353a2241646d696e223b757365725f747970655f736c75677c733a323a224144223b69735f6c6f676765645f696e7c623a313b757365725f6e616d657c733a393a2273756268616e6b6172223b757365725f69647c733a313a2232223b6c6f67696e5f69647c733a313a2232223b70616765737c693a353b5f5f63695f766172737c613a313a7b733a353a227061676573223b733a333a226e6577223b7d),
('9b36d54e23416acadb3176dc3b2b033b663a0da9', '127.0.0.1', 1438677199, 0x5f5f63695f6c6173745f726567656e65726174657c693a313433383637363839373b757365725f747970657c733a353a2241646d696e223b757365725f747970655f736c75677c733a323a224144223b69735f6c6f676765645f696e7c623a313b757365725f6e616d657c733a393a2273756268616e6b6172223b757365725f69647c733a313a2232223b6c6f67696e5f69647c733a313a2232223b),
('a70b91b92b92aa4828063ea9ea28fe307ffa9c8e', '127.0.0.1', 1438775455, 0x5f5f63695f6c6173745f726567656e65726174657c693a313433383737353137333b757365725f747970657c733a353a2241646d696e223b757365725f747970655f736c75677c733a323a224144223b69735f6c6f676765645f696e7c623a313b757365725f6e616d657c733a393a2273756268616e6b6172223b757365725f69647c733a313a2232223b6c6f67696e5f69647c733a313a2232223b),
('a9149858187f9ffc5f9b1e018ee6848f698041f1', '127.0.0.1', 1438931038, 0x5f5f63695f6c6173745f726567656e65726174657c693a313433383933303939373b757365725f747970657c733a353a2241646d696e223b757365725f747970655f736c75677c733a323a224144223b69735f6c6f676765645f696e7c623a313b757365725f6e616d657c733a393a2273756268616e6b6172223b757365725f69647c733a313a2232223b6c6f67696e5f69647c733a313a2232223b70616765737c693a353b5f5f63695f766172737c613a313a7b733a353a227061676573223b733a333a226e6577223b7d),
('aa4d0a6f668c777df4f5418c5ac28cd354ba8181', '127.0.0.1', 1438682122, 0x5f5f63695f6c6173745f726567656e65726174657c693a313433383638313833363b757365725f747970657c733a353a2241646d696e223b757365725f747970655f736c75677c733a323a224144223b69735f6c6f676765645f696e7c623a313b757365725f6e616d657c733a393a2273756268616e6b6172223b757365725f69647c733a313a2232223b6c6f67696e5f69647c733a313a2232223b),
('aec86878ce07686ebf34b773b1c7f4cd5ffa5ba3', '127.0.0.1', 1438768441, 0x5f5f63695f6c6173745f726567656e65726174657c693a313433383736383433383b757365725f747970657c733a353a2241646d696e223b757365725f747970655f736c75677c733a323a224144223b69735f6c6f676765645f696e7c623a313b757365725f6e616d657c733a393a2273756268616e6b6172223b757365725f69647c733a313a2232223b6c6f67696e5f69647c733a313a2232223b),
('b7473635a8fdb003a95bb33f7d461462b59ca15d', '127.0.0.1', 1438763372, 0x5f5f63695f6c6173745f726567656e65726174657c693a313433383736333337323b757365725f747970657c733a353a2241646d696e223b757365725f747970655f736c75677c733a323a224144223b69735f6c6f676765645f696e7c623a313b757365725f6e616d657c733a393a2273756268616e6b6172223b757365725f69647c733a313a2232223b6c6f67696e5f69647c733a313a2232223b),
('bebf487e9c3e7d55249ee5e9776a92e418cb1181', '127.0.0.1', 1438770186, 0x5f5f63695f6c6173745f726567656e65726174657c693a313433383737303138363b757365725f747970657c733a353a2241646d696e223b757365725f747970655f736c75677c733a323a224144223b69735f6c6f676765645f696e7c623a313b757365725f6e616d657c733a393a2273756268616e6b6172223b757365725f69647c733a313a2232223b6c6f67696e5f69647c733a313a2232223b),
('c2a5de07ce984e49f3ecab81fd2a2cea0d9299c5', '127.0.0.1', 1438767630, 0x5f5f63695f6c6173745f726567656e65726174657c693a313433383736373633303b757365725f747970657c733a353a2241646d696e223b757365725f747970655f736c75677c733a323a224144223b69735f6c6f676765645f696e7c623a313b757365725f6e616d657c733a393a2273756268616e6b6172223b757365725f69647c733a313a2232223b6c6f67696e5f69647c733a313a2232223b),
('c736f7cb39bfd23153391aa41282e36d1e379e82', '127.0.0.1', 1438677442, 0x5f5f63695f6c6173745f726567656e65726174657c693a313433383637373230303b757365725f747970657c733a353a2241646d696e223b757365725f747970655f736c75677c733a323a224144223b69735f6c6f676765645f696e7c623a313b757365725f6e616d657c733a393a2273756268616e6b6172223b757365725f69647c733a313a2232223b6c6f67696e5f69647c733a313a2232223b),
('d18b310e37a7efc19eb1c03382b3f4e09598bf16', '127.0.0.1', 1438686460, 0x5f5f63695f6c6173745f726567656e65726174657c693a313433383638363136383b757365725f747970657c733a353a2241646d696e223b757365725f747970655f736c75677c733a323a224144223b69735f6c6f676765645f696e7c623a313b757365725f6e616d657c733a393a2273756268616e6b6172223b757365725f69647c733a313a2232223b6c6f67696e5f69647c733a313a2232223b737563635f6d73677c733a34313a22596f757220726567697374726174696f6e20636f6d706c65746564207375636365737366756c6c792e223b5f5f63695f766172737c613a313a7b733a383a22737563635f6d7367223b733a333a226f6c64223b7d),
('d2eafffbd8e8d331a7723b0271bb57caf4a484e8', '127.0.0.1', 1438682852, 0x5f5f63695f6c6173745f726567656e65726174657c693a313433383638323535353b757365725f747970657c733a353a2241646d696e223b757365725f747970655f736c75677c733a323a224144223b69735f6c6f676765645f696e7c623a313b757365725f6e616d657c733a393a2273756268616e6b6172223b757365725f69647c733a313a2232223b6c6f67696e5f69647c733a313a2232223b),
('d334d40ed3406d50b7315800281e28ccfc3855ba', '127.0.0.1', 1438935120, 0x5f5f63695f6c6173745f726567656e65726174657c693a313433383933343930313b757365725f747970657c733a353a2241646d696e223b757365725f747970655f736c75677c733a323a224144223b69735f6c6f676765645f696e7c623a313b757365725f6e616d657c733a393a2273756268616e6b6172223b757365725f69647c733a313a2232223b6c6f67696e5f69647c733a313a2232223b737563635f6d73677c733a32343a22526f6f6d204164646564205375636365737366756c6c7921223b5f5f63695f766172737c613a313a7b733a383a22737563635f6d7367223b733a333a226f6c64223b7d),
('d8245a47b8a3efb366481060f76a8f03ce0087c6', '127.0.0.1', 1438934580, 0x5f5f63695f6c6173745f726567656e65726174657c693a313433383933343538303b757365725f747970657c733a353a2241646d696e223b757365725f747970655f736c75677c733a323a224144223b69735f6c6f676765645f696e7c623a313b757365725f6e616d657c733a393a2273756268616e6b6172223b757365725f69647c733a313a2232223b6c6f67696e5f69647c733a313a2232223b70616765737c693a353b5f5f63695f766172737c613a313a7b733a353a227061676573223b733a333a226e6577223b7d),
('db46bd9d2ccb436b948c4443971de07ee43c860e', '127.0.0.1', 1438929699, 0x5f5f63695f6c6173745f726567656e65726174657c693a313433383932393639383b757365725f747970657c733a353a2241646d696e223b757365725f747970655f736c75677c733a323a224144223b69735f6c6f676765645f696e7c623a313b757365725f6e616d657c733a393a2273756268616e6b6172223b757365725f69647c733a313a2232223b6c6f67696e5f69647c733a313a2232223b70616765737c693a353b5f5f63695f766172737c613a313a7b733a353a227061676573223b733a333a226e6577223b7d),
('dc200a8863450873ff78af50b305ae2d87e0e6d4', '127.0.0.1', 1438672405, 0x5f5f63695f6c6173745f726567656e65726174657c693a313433383637323339373b757365725f747970657c733a353a2241646d696e223b757365725f747970655f736c75677c733a323a224144223b69735f6c6f676765645f696e7c623a313b757365725f6e616d657c733a393a2273756268616e6b6172223b757365725f69647c733a313a2232223b6c6f67696e5f69647c733a313a2232223b),
('e327e65be57c1fa041ea93693afd9102c1b710ff', '127.0.0.1', 1438766892, 0x5f5f63695f6c6173745f726567656e65726174657c693a313433383736363839323b757365725f747970657c733a353a2241646d696e223b757365725f747970655f736c75677c733a323a224144223b69735f6c6f676765645f696e7c623a313b757365725f6e616d657c733a393a2273756268616e6b6172223b757365725f69647c733a313a2232223b6c6f67696e5f69647c733a313a2232223b),
('e5dacfcf7d6bb454276d8d5c38cce2ad8b4b9bed', '127.0.0.1', 1438684501, 0x5f5f63695f6c6173745f726567656e65726174657c693a313433383638343530313b757365725f747970657c733a353a2241646d696e223b757365725f747970655f736c75677c733a323a224144223b69735f6c6f676765645f696e7c623a313b757365725f6e616d657c733a393a2273756268616e6b6172223b757365725f69647c733a313a2232223b6c6f67696e5f69647c733a313a2232223b),
('eba0369cba23e5223e9b243d37835e5ef99f814d', '127.0.0.1', 1438934429, 0x5f5f63695f6c6173745f726567656e65726174657c693a313433383933343132393b757365725f747970657c733a353a2241646d696e223b757365725f747970655f736c75677c733a323a224144223b69735f6c6f676765645f696e7c623a313b757365725f6e616d657c733a393a2273756268616e6b6172223b757365725f69647c733a313a2232223b6c6f67696e5f69647c733a313a2232223b70616765737c693a353b5f5f63695f766172737c613a313a7b733a353a227061676573223b733a333a226e6577223b7d),
('ece7d9f2d8fc21682f9c5da719cad77af229355d', '127.0.0.1', 1438685376, 0x5f5f63695f6c6173745f726567656e65726174657c693a313433383638353036353b757365725f747970657c733a353a2241646d696e223b757365725f747970655f736c75677c733a323a224144223b69735f6c6f676765645f696e7c623a313b757365725f6e616d657c733a393a2273756268616e6b6172223b757365725f69647c733a313a2232223b6c6f67696e5f69647c733a313a2232223b),
('edd3c7c16ef782b3260b17cef8bd0f41cbfb14ae', '127.0.0.1', 1438761646, 0x5f5f63695f6c6173745f726567656e65726174657c693a313433383736313430333b757365725f747970657c733a353a2241646d696e223b757365725f747970655f736c75677c733a323a224144223b69735f6c6f676765645f696e7c623a313b757365725f6e616d657c733a393a2273756268616e6b6172223b757365725f69647c733a313a2232223b6c6f67696e5f69647c733a313a2232223b737563635f6d73677c733a34313a22596f757220726567697374726174696f6e20636f6d706c65746564207375636365737366756c6c792e223b5f5f63695f766172737c613a313a7b733a383a22737563635f6d7367223b733a333a226f6c64223b7d),
('f63b5a4b1e439417b0dae8b1413f2292c2c17e90', '127.0.0.1', 1438763344, 0x5f5f63695f6c6173745f726567656e65726174657c693a313433383736333036343b757365725f747970657c733a353a2241646d696e223b757365725f747970655f736c75677c733a323a224144223b69735f6c6f676765645f696e7c623a313b757365725f6e616d657c733a393a2273756268616e6b6172223b757365725f69647c733a313a2232223b6c6f67696e5f69647c733a313a2232223b),
('f78d63269f082bacb124385441bb81a5ce688f19', '127.0.0.1', 1438677771, 0x5f5f63695f6c6173745f726567656e65726174657c693a313433383637373538373b757365725f747970657c733a353a2241646d696e223b757365725f747970655f736c75677c733a323a224144223b69735f6c6f676765645f696e7c623a313b757365725f6e616d657c733a393a2273756268616e6b6172223b757365725f69647c733a313a2232223b6c6f67696e5f69647c733a313a2232223b),
('f91fc7e7dc1539f1920c910122362c635f506588', '127.0.0.1', 1438760943, 0x5f5f63695f6c6173745f726567656e65726174657c693a313433383736303838373b757365725f747970657c733a353a2241646d696e223b757365725f747970655f736c75677c733a323a224144223b69735f6c6f676765645f696e7c623a313b757365725f6e616d657c733a393a2273756268616e6b6172223b757365725f69647c733a313a2232223b6c6f67696e5f69647c733a313a2232223b);

-- --------------------------------------------------------

--
-- Table structure for table `hotel_countries`
--

CREATE TABLE IF NOT EXISTS `hotel_countries` (
  `id` int(11) NOT NULL AUTO_INCREMENT,
  `country_code` varchar(2) NOT NULL DEFAULT '',
  `country_name` varchar(100) NOT NULL DEFAULT '',
  PRIMARY KEY (`id`)
) ENGINE=MyISAM  DEFAULT CHARSET=utf8 AUTO_INCREMENT=243 ;

--
-- Dumping data for table `hotel_countries`
--

INSERT INTO `hotel_countries` (`id`, `country_code`, `country_name`) VALUES
(1, 'US', 'United States'),
(2, 'CA', 'Canada'),
(3, 'AF', 'Afghanistan'),
(4, 'AL', 'Albania'),
(5, 'DZ', 'Algeria'),
(6, 'DS', 'American Samoa'),
(7, 'AD', 'Andorra'),
(8, 'AO', 'Angola'),
(9, 'AI', 'Anguilla'),
(10, 'AQ', 'Antarctica'),
(11, 'AG', 'Antigua and/or Barbuda'),
(12, 'AR', 'Argentina'),
(13, 'AM', 'Armenia'),
(14, 'AW', 'Aruba'),
(15, 'AU', 'Australia'),
(16, 'AT', 'Austria'),
(17, 'AZ', 'Azerbaijan'),
(18, 'BS', 'Bahamas'),
(19, 'BH', 'Bahrain'),
(20, 'BD', 'Bangladesh'),
(21, 'BB', 'Barbados'),
(22, 'BY', 'Belarus'),
(23, 'BE', 'Belgium'),
(24, 'BZ', 'Belize'),
(25, 'BJ', 'Benin'),
(26, 'BM', 'Bermuda'),
(27, 'BT', 'Bhutan'),
(28, 'BO', 'Bolivia'),
(29, 'BA', 'Bosnia and Herzegovina'),
(30, 'BW', 'Botswana'),
(31, 'BV', 'Bouvet Island'),
(32, 'BR', 'Brazil'),
(33, 'IO', 'British lndian Ocean Territory'),
(34, 'BN', 'Brunei Darussalam'),
(35, 'BG', 'Bulgaria'),
(36, 'BF', 'Burkina Faso'),
(37, 'BI', 'Burundi'),
(38, 'KH', 'Cambodia'),
(39, 'CM', 'Cameroon'),
(40, 'CV', 'Cape Verde'),
(41, 'KY', 'Cayman Islands'),
(42, 'CF', 'Central African Republic'),
(43, 'TD', 'Chad'),
(44, 'CL', 'Chile'),
(45, 'CN', 'China'),
(46, 'CX', 'Christmas Island'),
(47, 'CC', 'Cocos (Keeling) Islands'),
(48, 'CO', 'Colombia'),
(49, 'KM', 'Comoros'),
(50, 'CG', 'Congo'),
(51, 'CK', 'Cook Islands'),
(52, 'CR', 'Costa Rica'),
(53, 'HR', 'Croatia (Hrvatska)'),
(54, 'CU', 'Cuba'),
(55, 'CY', 'Cyprus'),
(56, 'CZ', 'Czech Republic'),
(57, 'DK', 'Denmark'),
(58, 'DJ', 'Djibouti'),
(59, 'DM', 'Dominica'),
(60, 'DO', 'Dominican Republic'),
(61, 'TP', 'East Timor'),
(62, 'EC', 'Ecuador'),
(63, 'EG', 'Egypt'),
(64, 'SV', 'El Salvador'),
(65, 'GQ', 'Equatorial Guinea'),
(66, 'ER', 'Eritrea'),
(67, 'EE', 'Estonia'),
(68, 'ET', 'Ethiopia'),
(69, 'FK', 'Falkland Islands (Malvinas)'),
(70, 'FO', 'Faroe Islands'),
(71, 'FJ', 'Fiji'),
(72, 'FI', 'Finland'),
(73, 'FR', 'France'),
(74, 'FX', 'France, Metropolitan'),
(75, 'GF', 'French Guiana'),
(76, 'PF', 'French Polynesia'),
(77, 'TF', 'French Southern Territories'),
(78, 'GA', 'Gabon'),
(79, 'GM', 'Gambia'),
(80, 'GE', 'Georgia'),
(81, 'DE', 'Germany'),
(82, 'GH', 'Ghana'),
(83, 'GI', 'Gibraltar'),
(84, 'GR', 'Greece'),
(85, 'GL', 'Greenland'),
(86, 'GD', 'Grenada'),
(87, 'GP', 'Guadeloupe'),
(88, 'GU', 'Guam'),
(89, 'GT', 'Guatemala'),
(90, 'GN', 'Guinea'),
(91, 'GW', 'Guinea-Bissau'),
(92, 'GY', 'Guyana'),
(93, 'HT', 'Haiti'),
(94, 'HM', 'Heard and Mc Donald Islands'),
(95, 'HN', 'Honduras'),
(96, 'HK', 'Hong Kong'),
(97, 'HU', 'Hungary'),
(98, 'IS', 'Iceland'),
(99, 'IN', 'India'),
(100, 'ID', 'Indonesia'),
(101, 'IR', 'Iran (Islamic Republic of)'),
(102, 'IQ', 'Iraq'),
(103, 'IE', 'Ireland'),
(104, 'IL', 'Israel'),
(105, 'IT', 'Italy'),
(106, 'CI', 'Ivory Coast'),
(107, 'JM', 'Jamaica'),
(108, 'JP', 'Japan'),
(109, 'JO', 'Jordan'),
(110, 'KZ', 'Kazakhstan'),
(111, 'KE', 'Kenya'),
(112, 'KI', 'Kiribati'),
(113, 'KP', 'Korea, Democratic People''s Republic of'),
(114, 'KR', 'Korea, Republic of'),
(115, 'XK', 'Kosovo'),
(116, 'KW', 'Kuwait'),
(117, 'KG', 'Kyrgyzstan'),
(118, 'LA', 'Lao People''s Democratic Republic'),
(119, 'LV', 'Latvia'),
(120, 'LB', 'Lebanon'),
(121, 'LS', 'Lesotho'),
(122, 'LR', 'Liberia'),
(123, 'LY', 'Libyan Arab Jamahiriya'),
(124, 'LI', 'Liechtenstein'),
(125, 'LT', 'Lithuania'),
(126, 'LU', 'Luxembourg'),
(127, 'MO', 'Macau'),
(128, 'MK', 'Macedonia'),
(129, 'MG', 'Madagascar'),
(130, 'MW', 'Malawi'),
(131, 'MY', 'Malaysia'),
(132, 'MV', 'Maldives'),
(133, 'ML', 'Mali'),
(134, 'MT', 'Malta'),
(135, 'MH', 'Marshall Islands'),
(136, 'MQ', 'Martinique'),
(137, 'MR', 'Mauritania'),
(138, 'MU', 'Mauritius'),
(139, 'TY', 'Mayotte'),
(140, 'MX', 'Mexico'),
(141, 'FM', 'Micronesia, Federated States of'),
(142, 'MD', 'Moldova, Republic of'),
(143, 'MC', 'Monaco'),
(144, 'MN', 'Mongolia'),
(145, 'ME', 'Montenegro'),
(146, 'MS', 'Montserrat'),
(147, 'MA', 'Morocco'),
(148, 'MZ', 'Mozambique'),
(149, 'MM', 'Myanmar'),
(150, 'NA', 'Namibia'),
(151, 'NR', 'Nauru'),
(152, 'NP', 'Nepal'),
(153, 'NL', 'Netherlands'),
(154, 'AN', 'Netherlands Antilles'),
(155, 'NC', 'New Caledonia'),
(156, 'NZ', 'New Zealand'),
(157, 'NI', 'Nicaragua'),
(158, 'NE', 'Niger'),
(159, 'NG', 'Nigeria'),
(160, 'NU', 'Niue'),
(161, 'NF', 'Norfork Island'),
(162, 'MP', 'Northern Mariana Islands'),
(163, 'NO', 'Norway'),
(164, 'OM', 'Oman'),
(165, 'PK', 'Pakistan'),
(166, 'PW', 'Palau'),
(167, 'PA', 'Panama'),
(168, 'PG', 'Papua New Guinea'),
(169, 'PY', 'Paraguay'),
(170, 'PE', 'Peru'),
(171, 'PH', 'Philippines'),
(172, 'PN', 'Pitcairn'),
(173, 'PL', 'Poland'),
(174, 'PT', 'Portugal'),
(175, 'PR', 'Puerto Rico'),
(176, 'QA', 'Qatar'),
(177, 'RE', 'Reunion'),
(178, 'RO', 'Romania'),
(179, 'RU', 'Russian Federation'),
(180, 'RW', 'Rwanda'),
(181, 'KN', 'Saint Kitts and Nevis'),
(182, 'LC', 'Saint Lucia'),
(183, 'VC', 'Saint Vincent and the Grenadines'),
(184, 'WS', 'Samoa'),
(185, 'SM', 'San Marino'),
(186, 'ST', 'Sao Tome and Principe'),
(187, 'SA', 'Saudi Arabia'),
(188, 'SN', 'Senegal'),
(189, 'RS', 'Serbia'),
(190, 'SC', 'Seychelles'),
(191, 'SL', 'Sierra Leone'),
(192, 'SG', 'Singapore'),
(193, 'SK', 'Slovakia'),
(194, 'SI', 'Slovenia'),
(195, 'SB', 'Solomon Islands'),
(196, 'SO', 'Somalia'),
(197, 'ZA', 'South Africa'),
(198, 'GS', 'South Georgia South Sandwich Islands'),
(199, 'ES', 'Spain'),
(200, 'LK', 'Sri Lanka'),
(201, 'SH', 'St. Helena'),
(202, 'PM', 'St. Pierre and Miquelon'),
(203, 'SD', 'Sudan'),
(204, 'SR', 'Suriname'),
(205, 'SJ', 'Svalbarn and Jan Mayen Islands'),
(206, 'SZ', 'Swaziland'),
(207, 'SE', 'Sweden'),
(208, 'CH', 'Switzerland'),
(209, 'SY', 'Syrian Arab Republic'),
(210, 'TW', 'Taiwan'),
(211, 'TJ', 'Tajikistan'),
(212, 'TZ', 'Tanzania, United Republic of'),
(213, 'TH', 'Thailand'),
(214, 'TG', 'Togo'),
(215, 'TK', 'Tokelau'),
(216, 'TO', 'Tonga'),
(217, 'TT', 'Trinidad and Tobago'),
(218, 'TN', 'Tunisia'),
(219, 'TR', 'Turkey'),
(220, 'TM', 'Turkmenistan'),
(221, 'TC', 'Turks and Caicos Islands'),
(222, 'TV', 'Tuvalu'),
(223, 'UG', 'Uganda'),
(224, 'UA', 'Ukraine'),
(225, 'AE', 'United Arab Emirates'),
(226, 'GB', 'United Kingdom'),
(227, 'UM', 'United States minor outlying islands'),
(228, 'UY', 'Uruguay'),
(229, 'UZ', 'Uzbekistan'),
(230, 'VU', 'Vanuatu'),
(231, 'VA', 'Vatican City State'),
(232, 'VE', 'Venezuela'),
(233, 'VN', 'Vietnam'),
(234, 'VG', 'Virgin Islands (British)'),
(235, 'VI', 'Virgin Islands (U.S.)'),
(236, 'WF', 'Wallis and Futuna Islands'),
(237, 'EH', 'Western Sahara'),
(238, 'YE', 'Yemen'),
(239, 'YU', 'Yugoslavia'),
(240, 'ZR', 'Zaire'),
(241, 'ZM', 'Zambia'),
(242, 'ZW', 'Zimbabwe');

-- --------------------------------------------------------

--
-- Table structure for table `hotel_hotel_details`
--

CREATE TABLE IF NOT EXISTS `hotel_hotel_details` (
  `hotel_id` int(11) NOT NULL AUTO_INCREMENT,
  `hotel_name` text NOT NULL,
  `hotel_address` longtext NOT NULL,
  `hotel_city` text NOT NULL,
  `hotel_district` text NOT NULL,
  `hotel_state` text NOT NULL,
  `hotel_pin` text NOT NULL,
  `hotel_country` int(11) NOT NULL,
  `hotel_email` text NOT NULL,
  `hotel_phone` text NOT NULL,
  `hotel_phone_alternative2` text NOT NULL,
  `hotel_fax` text NOT NULL,
  `hotel_url` text NOT NULL,
  `hotel_phone_alternative1` text NOT NULL,
  `hotel_description` longtext NOT NULL,
  `hotel_star_rating` int(11) NOT NULL,
  `hotel_add_date` datetime NOT NULL,
  `hotel_modify_date` datetime NOT NULL,
  `hotel_status` enum('A','I','D') NOT NULL DEFAULT 'I',
  PRIMARY KEY (`hotel_id`)
) ENGINE=InnoDB  DEFAULT CHARSET=utf8 AUTO_INCREMENT=10 ;

--
-- Dumping data for table `hotel_hotel_details`
--

INSERT INTO `hotel_hotel_details` (`hotel_id`, `hotel_name`, `hotel_address`, `hotel_city`, `hotel_district`, `hotel_state`, `hotel_pin`, `hotel_country`, `hotel_email`, `hotel_phone`, `hotel_phone_alternative2`, `hotel_fax`, `hotel_url`, `hotel_phone_alternative1`, `hotel_description`, `hotel_star_rating`, `hotel_add_date`, `hotel_modify_date`, `hotel_status`) VALUES
(1, 'fgfgfg', 'fdfdf', 'fdf', '', '', '', 0, 'gfgfg@sdsdsd.com', '4564678789', '', '', '', '', '', 0, '2015-07-20 20:13:45', '0000-00-00 00:00:00', 'D'),
(2, 'New Hotel', 'Great Hotel', '0', '', '', '', 0, 'hotel@gmail.com', '1234567890', '', '', '', '', '', 0, '2015-07-21 13:26:33', '0000-00-00 00:00:00', 'A'),
(3, 'fgfgfg', 'fdfdf', '0', '', '', '', 0, 'dfdf@dfdfdf.c', '4354545', '', '', '', '', '', 0, '2015-07-21 13:37:27', '0000-00-00 00:00:00', 'D'),
(4, 'last check', 'check', '0', '', '', '', 0, 'check@gmail.com', '+911234567897', '', '', '', '', '', 0, '2015-07-21 15:22:14', '0000-00-00 00:00:00', 'A'),
(5, 'Basic Hotel', 'Great\r\nKolkata', '0', '', '', '', 0, 'basic@basic.com', '+911342567894', '', '', '', '', '', 0, '2015-07-22 15:46:42', '0000-00-00 00:00:00', 'A'),
(6, 'Doc Hotel', 'Kolkata', '0', '', '', '', 0, 'doc@doc.com', '+911980245712', '', '', '', '', '', 0, '2015-07-22 15:48:55', '0000-00-00 00:00:00', 'A'),
(7, 'Great New Hotel', 'Kolkata\r\nKeshtopur', '0', '', '', '', 0, 'qwedfijkl@gmail.com', '+916563425222', '', '', '', '', '', 0, '2015-07-22 15:51:04', '0000-00-00 00:00:00', 'A'),
(8, 'Dynamic Hotel', '127, Girija Street', 'Kolkata', 'Kol', 'West Bengal', '700100', 99, 'girija.prosad@gmail.com', '+913434343546', '8976867576', '7985674564', 'http://www.greathotel.com', '6776453454', 'Great Hotel', 1, '2015-07-27 19:16:29', '2015-07-28 09:34:14', 'A'),
(9, 'Pacific Hotel', 'Keshtopur', 'Kolkata', 'Kolkata', 'West Bengal', '700101', 99, 'pacific@gmail.com', '+914659139421', '4545454565', '4554665464', 'http://www.google.com', '5245246455', 'Good Hotel', 4, '2015-07-28 13:08:06', '2015-07-28 09:38:52', 'A');

-- --------------------------------------------------------

--
-- Table structure for table `hotel_login`
--

CREATE TABLE IF NOT EXISTS `hotel_login` (
  `login_id` int(11) NOT NULL AUTO_INCREMENT,
  `user_id` int(11) NOT NULL,
  `hotel_id` int(11) NOT NULL,
  `user_name` text NOT NULL,
  `user_password` text NOT NULL,
  `user_email` text NOT NULL,
  `user_type_id` int(11) NOT NULL,
  `user_status` enum('A','I','D','B') NOT NULL DEFAULT 'I',
  PRIMARY KEY (`login_id`)
) ENGINE=InnoDB  DEFAULT CHARSET=utf8 AUTO_INCREMENT=15 ;

--
-- Dumping data for table `hotel_login`
--

INSERT INTO `hotel_login` (`login_id`, `user_id`, `hotel_id`, `user_name`, `user_password`, `user_email`, `user_type_id`, `user_status`) VALUES
(1, 0, 0, 'admin', '90b9aa7e25f80cf4f64e990b78a9fc5ebd6cecad', 'sayak@webartmedialabs.com', 1, 'A'),
(2, 2, 5, 'subhankar', 'ae00645071b243830b264d50b6108bcec3540e15', 'subhankar1987@gmail.com', 2, 'A'),
(4, 6, 8, 'girija', 'bb352d1407039a4e140f9cf961d2f756f14acb8a', 'girija@gmail.com', 2, 'I'),
(5, 7, 5, 'sarat420', '10470c3b4b1fed12c3baac014be15fac67c6e815', 'sarat@basic.com', 2, 'I'),
(6, 8, 9, 'indrajit', 'f281728879e5a7cf574b987f3bd6960f22e9c740', 'indra@webartmedialabs.com', 2, 'I'),
(12, 14, 5, 'abcdef', '3915da4d2d16dd5a69b6204cacb8a2a1d9e79f34', 'admin@dsfdf.com', 2, 'I'),
(13, 15, 8, 'test123', '335d7c6c2b62dff18ff1aeb61095a024a9cb3414', 'test@test.com', 2, 'I'),
(14, 16, 4, 'first', 'ecdf506f11def4cd3bd87c95c7194fc9b1cb7087', 'first@first.com', 2, 'I');

-- --------------------------------------------------------

--
-- Table structure for table `hotel_permission_types`
--

CREATE TABLE IF NOT EXISTS `hotel_permission_types` (
  `permission_id` int(11) NOT NULL AUTO_INCREMENT,
  `permission_label` text NOT NULL,
  `permission_description` text NOT NULL,
  `permission_users` text NOT NULL,
  `permission_value` text NOT NULL,
  `permission_status` enum('A','I','D') NOT NULL DEFAULT 'A',
  PRIMARY KEY (`permission_id`)
) ENGINE=InnoDB  DEFAULT CHARSET=utf8 AUTO_INCREMENT=38 ;

--
-- Dumping data for table `hotel_permission_types`
--

INSERT INTO `hotel_permission_types` (`permission_id`, `permission_label`, `permission_description`, `permission_users`, `permission_value`, `permission_status`) VALUES
(1, 'Admin', 'Admin Authorization', '2', 'Add', 'A'),
(2, 'Admin', 'Admin Authorization', '2', 'Edit', 'A'),
(3, 'Admin', 'Admin Authorization', '2', 'Delete', 'A'),
(4, 'Sub Admin', 'Sub-admin Authorization', '2', 'Add', 'A'),
(5, 'Sub Admin', 'Sub-admin Authorization', '2', 'Edit', 'A'),
(6, 'Sub Admin', 'Sub-admin Authorization', '2', 'Delete', 'A'),
(7, 'Customer', 'Customer Authorization', '2,3', 'Add', 'A'),
(8, 'Customer', 'Customer Authorization', '2,3', 'Edit', 'A'),
(9, 'Customer', 'Customer Authorization', '2,3', 'Delete', 'A'),
(10, 'Room', 'Room Authorization', '2,3', 'Add', 'A'),
(11, 'Room', 'Room Authorization', '2,3', 'Edit', 'A'),
(12, 'Room', 'Room Authorization', '2,3', 'Delete', 'A'),
(13, 'Compliance Certificate', 'Compliance Certificate Authorization', '2,3', 'Add', 'A'),
(14, 'Compliance Certificate', 'Compliance Certificate Authorization', '2,3', 'Edit', 'A'),
(15, 'Compliance Certificate', 'Compliance Certificate Authorization', '2,3', 'Delete', 'A'),
(16, 'Hotel Staff', 'Hotel Staff Authorization', '2', 'Add', 'A'),
(17, 'Hotel Staff', 'Hotel Staff Authorization', '2', 'Edit', 'A'),
(18, 'Hotel Staff', 'Hotel Staff Authorization', '2', 'Delete', 'A'),
(19, 'Broker', 'Broker Authorization', '2,3', 'Add', 'A'),
(20, 'Broker', 'Broker Authorization', '2,3', 'Edit', 'A'),
(21, 'Broker', 'Broker Authorization', '2,3', 'Delete', 'A'),
(22, 'Room Service', 'Room Service Authorization', '2,3', 'Add', 'A'),
(23, 'Room Service', 'Room Service Authorization', '2,3', 'Edit', 'A'),
(24, 'Room Service', 'Room Service Authorization', '2,3', 'Delete', 'A'),
(25, 'Booking', 'Booking Authorization', '2,3', 'Add', 'A'),
(26, 'Booking', 'Booking Authorization', '2,3', 'Edit', 'A'),
(27, 'Booking', 'Booking Authorization', '2,3', 'Delete', 'A'),
(28, 'Financial Settings', 'Financial Settings Authorization', '2,3', 'Add', 'A'),
(29, 'Financial Settings', 'Financial Settings Authorization', '2,3', 'Edit', 'A'),
(30, 'Financial Settings', 'Financial Settings Authorization', '2,3', 'Delete', 'A'),
(31, 'SMS Settings', 'SMS Settings Authorization', '2,3', 'Add', 'A'),
(32, 'SMS Settings', 'SMS Settings Authorization', '2,3', 'Edit', 'A'),
(33, 'SMS Settings', 'SMS Settings Authorization', '2,3', 'Delete', 'A'),
(34, 'Attendance', 'Attendance Authorization', '2,3', 'Add', 'A'),
(35, 'Attendance', 'Attendance Authorization', '2,3', 'Edit', 'A'),
(36, 'Attendance', 'Attendance Authorization', '2,3', 'Delete', 'A'),
(37, 'Hotel Information', 'Hotel Information Authorization', '2', 'Edit', 'A');

-- --------------------------------------------------------

--
-- Table structure for table `hotel_room`
--

CREATE TABLE IF NOT EXISTS `hotel_room` (
  `room_id` int(11) NOT NULL AUTO_INCREMENT,
  `hotel_id` int(11) NOT NULL,
  `floor_no` text NOT NULL,
  `room_no` text NOT NULL,
  `room_bed` text NOT NULL,
  `room_availability` enum('Available','Not Available') NOT NULL DEFAULT 'Available',
  `ac_availability` enum('AC','NON-AC') NOT NULL,
  `room_rent` bigint(20) NOT NULL,
  `room_image` text NOT NULL,
  `room_image_thumb` text NOT NULL,
  `room_add_date` datetime NOT NULL,
  `room_modification_date` datetime NOT NULL,
  `room_status` enum('A','I','D') NOT NULL DEFAULT 'A',
  PRIMARY KEY (`room_id`)
) ENGINE=InnoDB  DEFAULT CHARSET=utf8 AUTO_INCREMENT=7 ;

--
-- Dumping data for table `hotel_room`
--

INSERT INTO `hotel_room` (`room_id`, `hotel_id`, `floor_no`, `room_no`, `room_bed`, `room_availability`, `ac_availability`, `room_rent`, `room_image`, `room_image_thumb`, `room_add_date`, `room_modification_date`, `room_status`) VALUES
(5, 5, '1', '20', '2', 'Available', 'AC', 500, 'Desert.jpg', 'Desert_thumb.jpg', '2015-08-07 14:41:47', '2015-08-07 14:41:47', 'A'),
(6, 5, '1', '25', '3', 'Available', 'NON-AC', 300, 'Lighthouse.jpg', 'Lighthouse_thumb.jpg', '2015-08-07 14:43:14', '2015-08-07 14:43:14', 'A');

-- --------------------------------------------------------

--
-- Table structure for table `hotel_star_rating`
--

CREATE TABLE IF NOT EXISTS `hotel_star_rating` (
  `star_rating_id` int(11) NOT NULL AUTO_INCREMENT,
  `star_rating_value` text NOT NULL,
  PRIMARY KEY (`star_rating_id`)
) ENGINE=InnoDB  DEFAULT CHARSET=utf8 AUTO_INCREMENT=11 ;

--
-- Dumping data for table `hotel_star_rating`
--

INSERT INTO `hotel_star_rating` (`star_rating_id`, `star_rating_value`) VALUES
(1, '*'),
(2, '**'),
(3, '***'),
(4, '****'),
(5, '*****'),
(6, '******'),
(7, '*******'),
(8, '********'),
(9, '*********'),
(10, '**********');

-- --------------------------------------------------------

--
-- Table structure for table `hotel_user_permission`
--

CREATE TABLE IF NOT EXISTS `hotel_user_permission` (
  `user_permission_id` int(11) NOT NULL AUTO_INCREMENT,
  `user_id` int(11) NOT NULL,
  `usert_type` enum('AD','SUBA') NOT NULL,
  `user_permission_type` text NOT NULL,
  PRIMARY KEY (`user_permission_id`)
) ENGINE=InnoDB  DEFAULT CHARSET=utf8 AUTO_INCREMENT=6 ;

--
-- Dumping data for table `hotel_user_permission`
--

INSERT INTO `hotel_user_permission` (`user_permission_id`, `user_id`, `usert_type`, `user_permission_type`) VALUES
(3, 14, 'AD', '1,2,3,34,35,36,25,26,27,19,20,21,13,14,15,7,8,9,28,29,30,37,16,17,18,10,11,12,22,23,24,31,32,33,4,5,6'),
(4, 15, 'AD', '1,2,3,34,35,36,25,26,27,19,20,21,13,14,15,7,8,9,28,29,30,37,16,17,18,10,11,12,22,23,24,31,32,33,4,5,6'),
(5, 16, 'AD', '1,2,3,34,35,36,25,26,27,19,20,21,13,14,15,7,8,9,28,29,30,37,16,17,18,10,11,12,22,23,24,31,32,33,4,5,6');

-- --------------------------------------------------------

--
-- Table structure for table `hotel_user_type`
--

CREATE TABLE IF NOT EXISTS `hotel_user_type` (
  `user_type_id` int(11) NOT NULL AUTO_INCREMENT,
  `user_type_name` text NOT NULL,
  `user_type_slug` enum('SUPA','AD','SUBA') NOT NULL,
  PRIMARY KEY (`user_type_id`)
) ENGINE=InnoDB  DEFAULT CHARSET=utf8 AUTO_INCREMENT=4 ;

--
-- Dumping data for table `hotel_user_type`
--

INSERT INTO `hotel_user_type` (`user_type_id`, `user_type_name`, `user_type_slug`) VALUES
(1, 'Super Admin', 'SUPA'),
(2, 'Admin', 'AD'),
(3, 'Sub Admin', 'SUBA');

/*!40101 SET CHARACTER_SET_CLIENT=@OLD_CHARACTER_SET_CLIENT */;
/*!40101 SET CHARACTER_SET_RESULTS=@OLD_CHARACTER_SET_RESULTS */;
/*!40101 SET COLLATION_CONNECTION=@OLD_COLLATION_CONNECTION */;
